Protocol,Avg_Latency_ms,Success_Rate_%,Overhead_%,Total_Data_GB,Failed_Transmissions,Successful_Rounds
HTTP/HTTPS,1529.1666666666667,41.66666666666667,13.043478260869565,3.014924004673958,97,5
MQTT,1192.0833333333335,41.66666666666667,2.912621359223301,2.3597851395606995,108,5
AMQP,1312.5,41.66666666666667,7.4074074074074066,2.755969762802124,82,5
XMPP,1365.4166666666665,41.66666666666667,20.0,2.7241185307502747,102,5
WebSocket,1236.4583333333335,41.66666666666667,4.761904761904762,2.425163984298706,104,5
gRPC,1258.3333333333337,41.66666666666667,5.660377358490567,2.6901252567768097,85,5
CoAP,1151.25,25.0,1.9607843137254901,2.303626388311386,115,3
Apache Kafka,1446.6666666666665,41.66666666666667,3.8461538461538463,2.8330832719802856,75,5
